{
    "config": {
        "initial_capital": 1000000.0,
        "fee_rate": 0.0003,
        "buy_threshold": 0.01,
        "sell_threshold": -0.01,
        "holding_period": 5
    },
    "metrics": {
        "total_return": 0.8540679041449802,
        "max_drawdown": -0.5601546505785384,
        "sharpe_ratio": 1.989336576889141,
        "win_rate": 0.4827586206896552,
        "pl_ratio": 0.7929902332061831,
        "total_trades": 29
    }
}