{
    "strategy": "Linear Stacking",
    "base_models": {
        "xgboost": "models/xgboost_model.pkl",
        "lstm": "models/best_lstm_model.keras"
    },
    "performance": {
        "XGBoost": {
            "MAE": 0.040191007092824575,
            "RMSE": 0.061724528192063075,
            "R2": 0.0012923571183004467
        },
        "LSTM": {
            "MAE": 0.04254913978215555,
            "RMSE": 0.06349768278598017,
            "R2": -0.05691136849573497
        },
        "Fusion_Simple_Avg": {
            "MAE": 0.0408351976429804,
            "RMSE": 0.06211534135143846,
            "R2": -0.011394454174809887
        },
        "Fusion_Weighted": {
            "MAE": 0.041409751864273515,
            "RMSE": 0.06255191953854576,
            "R2": -0.025661605451927194
        },
        "Fusion_Stacking": {
            "MAE": 0.040804757985606156,
            "RMSE": 0.06235076843761691,
            "R2": -0.019075676912220008
        },
        "Best": {
            "MAE": 0.040804757985606156,
            "RMSE": 0.06235076843761691,
            "R2": -0.019075676912220008
        }
    },
    "stacking_meta_learner": "models/meta_learner.pkl"
}